{"referenceId":null,"name":"Employee DB","description":null,"dataSourceName":"Local MySQL Employees","editorJson":{"id":17017,"name":"Employee DB","dataSourceType":"database","dataSourceId":1,"entities":[{"name":"Employee","description":"This logical entity maps to the employees table.","tableName":"employees","attributes":[{"name":"Employee No","type":"number","description":"","mappedName":"emp_no","primaryKey":true,"generatedValue":false,"identity":false,"required":true},{"name":"First Name","type":"string","description":"","mappedName":"first_name","primaryKey":false,"generatedValue":false,"identity":false,"required":true},{"name":"Last Name","type":"string","description":"","mappedName":"last_name","primaryKey":false,"generatedValue":false,"identity":false,"required":true},{"name":"Gender","type":"string","description":"","mappedName":"gender","primaryKey":false,"generatedValue":false,"identity":false,"required":true}]}]}}