{"referenceId":null,"name":"Employee Custom","description":"This data model will contain the Entity that maps the salaries table that will be managed manually.","editorJson":{"id":5007,"name":"Employee Custom","dataSourceType":"custom","dataSourceId":1,"entities":[{"name":"Salary","description":"","tableName":"salaries","attributes":[{"name":"Salary","type":"number","description":"","mappedName":"salary","primaryKey":false,"generatedValue":false,"identity":false,"required":true},{"name":"Employee No","type":"number","description":"","mappedName":"emp_no","primaryKey":true,"generatedValue":false,"identity":false,"required":true},{"name":"From Date","type":"date","description":"","mappedName":"from_date","primaryKey":false,"generatedValue":false,"identity":false,"required":true},{"name":"To Date","type":"date","description":"","mappedName":"to_date","primaryKey":false,"generatedValue":false,"identity":false,"required":true}]}]}}