{"referenceId":null,"name":"Simple Node Model","description":"This data model maps a logical entity to a basic Alfresco folder node.","editorJson":{"id":25025,"name":"Simple Node Model","dataSourceType":"alfresco","dataSourceId":1,"entities":[{"name":"Folder","description":"A folder node in Alfresco","tableName":"cmis:folder,P:cm:titled","attributes":[{"name":"Name","type":"string","description":"The name of the folder","mappedName":"cm:name","primaryKey":false,"generatedValue":false,"identity":false,"required":true},{"name":"Title","type":"string","description":"The optional title of the folder","mappedName":"cm:title","primaryKey":false,"generatedValue":false,"identity":false,"required":false},{"name":"Description","type":"string","description":"The optional description of the folder","mappedName":"cm:description","primaryKey":false,"generatedValue":false,"identity":false,"required":false},{"name":"Parent","type":"string","description":"Parent folder","mappedName":"cmis:parentId","primaryKey":false,"generatedValue":false,"identity":false,"required":true},{"name":"ID","type":"string","description":"The Object ID for this node","mappedName":"cmis:objectId","primaryKey":false,"generatedValue":false,"identity":false,"required":false}]}]}}