<?xml version='1.0' encoding='UTF-8'?>
<definitions xmlns="http://www.omg.org/spec/BPMN/20100524/MODEL" xmlns:xsi="http://www.w3.org/2001/XMLSchema-instance" xmlns:xsd="http://www.w3.org/2001/XMLSchema" xmlns:activiti="http://activiti.org/bpmn" xmlns:bpmndi="http://www.omg.org/spec/BPMN/20100524/DI" xmlns:omgdc="http://www.omg.org/spec/DD/20100524/DC" xmlns:omgdi="http://www.omg.org/spec/DD/20100524/DI" typeLanguage="http://www.w3.org/2001/XMLSchema" expressionLanguage="http://www.w3.org/1999/XPath" targetNamespace="http://www.activiti.org/processdef" xmlns:modeler="http://activiti.com/modeler" modeler:version="1.0en" modeler:exportDateTime="20161111084940022" modeler:modelId="15015" modeler:modelVersion="13" modeler:modelLastUpdated="1478852885557">
  <process id="updateEmployee" name="Update Employee" isExecutable="true">
    <startEvent id="startEvent1" activiti:formKey="15016">
      <extensionElements>
        <modeler:form-reference-id><![CDATA[15016]]></modeler:form-reference-id>
        <modeler:form-reference-name><![CDATA[Specify Employee Number]]></modeler:form-reference-name>
        <modeler:field-to-variable-mapping modeler:mappedDataModel="17017" modeler:mappedEntity="Employee" modeler:formFieldId="employeeno" modeler:formFieldName="Employee No" modeler:mappedColumn="Employee No" modeler:mappedVariableName="selectedEmployee"/>
        <modeler:field-to-variable-mapping modeler:mappedDataModel="5007" modeler:mappedEntity="Salary" modeler:formFieldId="employeeno" modeler:formFieldName="Employee No" modeler:mappedColumn="Employee No" modeler:mappedVariableName="currentSalary"/>
        <modeler:editor-resource-id><![CDATA[startEvent1]]></modeler:editor-resource-id>
      </extensionElements>
    </startEvent>
    <userTask id="sid-1A2B790F-96A6-4A74-8AB6-90EB7314D0A4" name="Approve Employee Update" activiti:assignee="$INITIATOR" activiti:formKey="16016">
      <extensionElements>
        <modeler:allow-send-email><![CDATA[true]]></modeler:allow-send-email>
        <modeler:form-reference-id><![CDATA[16016]]></modeler:form-reference-id>
        <modeler:form-reference-name><![CDATA[Approve Employee Update]]></modeler:form-reference-name>
        <modeler:activiti-idm-initiator><![CDATA[true]]></modeler:activiti-idm-initiator>
        <modeler:editor-resource-id><![CDATA[sid-1A2B790F-96A6-4A74-8AB6-90EB7314D0A4]]></modeler:editor-resource-id>
      </extensionElements>
    </userTask>
    <exclusiveGateway id="sid-FC6EA13F-1357-4ECF-ABAE-703383279D22">
      <extensionElements>
        <modeler:editor-resource-id><![CDATA[sid-FC6EA13F-1357-4ECF-ABAE-703383279D22]]></modeler:editor-resource-id>
      </extensionElements>
    </exclusiveGateway>
    <endEvent id="sid-D52F698C-DE6B-4932-82EB-94FDACDFF785">
      <extensionElements>
        <modeler:editor-resource-id><![CDATA[sid-D52F698C-DE6B-4932-82EB-94FDACDFF785]]></modeler:editor-resource-id>
      </extensionElements>
    </endEvent>
    <serviceTask id="sid-6644BF66-656B-4D1B-A8C7-3A7EA50D239E" name="Update Employee Table" activiti:delegateExpression="${activiti_storeEntityDelegate}">
      <extensionElements>
        <modeler:entity-attribute-mapping modeler:mappedDataModel="17017" modeler:mappedEntity="Employee" modeler:mapped-variable-name="selectedEmployee" modeler:variable-entity-name="Employee">
          <modeler:attribute-element-mapping modeler:attribute-name="Employee No" modeler:variable-id="selectedEmployee.Employee No" modeler:variable-name="selectedEmployee.Employee No" modeler:variable-type="number"/>
          <modeler:attribute-element-mapping modeler:attribute-name="First Name" modeler:form-field-id="newFirstName" modeler:form-field-name="newFirstName" modeler:form-field-type="text"/>
          <modeler:attribute-element-mapping modeler:attribute-name="Last Name" modeler:form-field-id="newLastName" modeler:form-field-name="newLastName" modeler:form-field-type="text"/>
          <modeler:attribute-element-mapping modeler:attribute-name="Gender" modeler:variable-id="selectedEmployee.Gender" modeler:variable-name="selectedEmployee.Gender" modeler:variable-type="string"/>
        </modeler:entity-attribute-mapping>
        <modeler:editor-resource-id><![CDATA[sid-6644BF66-656B-4D1B-A8C7-3A7EA50D239E]]></modeler:editor-resource-id>
      </extensionElements>
    </serviceTask>
    <sequenceFlow id="sid-E38DBF59-1198-401B-A744-AB0AAF27892B" sourceRef="sid-1A2B790F-96A6-4A74-8AB6-90EB7314D0A4" targetRef="sid-FC6EA13F-1357-4ECF-ABAE-703383279D22">
      <extensionElements>
        <modeler:editor-resource-id><![CDATA[sid-E38DBF59-1198-401B-A744-AB0AAF27892B]]></modeler:editor-resource-id>
      </extensionElements>
    </sequenceFlow>
    <userTask id="sid-FF8A7B92-03DE-4FDE-BA28-63E9FB936BD7" name="Update Employee" activiti:assignee="$INITIATOR" activiti:formKey="17018">
      <extensionElements>
        <modeler:allow-send-email><![CDATA[true]]></modeler:allow-send-email>
        <modeler:form-reference-id><![CDATA[17018]]></modeler:form-reference-id>
        <modeler:form-reference-name><![CDATA[Update Employee]]></modeler:form-reference-name>
        <modeler:activiti-idm-initiator><![CDATA[true]]></modeler:activiti-idm-initiator>
        <modeler:variablesMapping>
          <modeler:mappedVariable><![CDATA[firstname]]></modeler:mappedVariable>
          <modeler:inProcessVariable><![CDATA[selectedEmployee.First Name]]></modeler:inProcessVariable>
          <modeler:outProcessVariable><![CDATA[newFirstName]]></modeler:outProcessVariable>
          <modeler:inVariableType><![CDATA[restResponse]]></modeler:inVariableType>
          <modeler:outVariableType><![CDATA[staticValue]]></modeler:outVariableType>
          <modeler:typeOfMapping><![CDATA[inputOutputMap]]></modeler:typeOfMapping>
        </modeler:variablesMapping>
        <modeler:variablesMapping>
          <modeler:mappedVariable><![CDATA[lastname]]></modeler:mappedVariable>
          <modeler:inProcessVariable><![CDATA[selectedEmployee.Last Name]]></modeler:inProcessVariable>
          <modeler:outProcessVariable><![CDATA[newLastName]]></modeler:outProcessVariable>
          <modeler:inVariableType><![CDATA[restResponse]]></modeler:inVariableType>
          <modeler:outVariableType><![CDATA[staticValue]]></modeler:outVariableType>
          <modeler:typeOfMapping><![CDATA[inputOutputMap]]></modeler:typeOfMapping>
        </modeler:variablesMapping>
        <modeler:editor-resource-id><![CDATA[sid-FF8A7B92-03DE-4FDE-BA28-63E9FB936BD7]]></modeler:editor-resource-id>
      </extensionElements>
    </userTask>
    <sequenceFlow id="sid-22D856A1-3084-4816-A61F-1E316B4E46B3" sourceRef="sid-FF8A7B92-03DE-4FDE-BA28-63E9FB936BD7" targetRef="sid-1A2B790F-96A6-4A74-8AB6-90EB7314D0A4">
      <extensionElements>
        <modeler:editor-resource-id><![CDATA[sid-22D856A1-3084-4816-A61F-1E316B4E46B3]]></modeler:editor-resource-id>
      </extensionElements>
    </sequenceFlow>
    <serviceTask id="sid-2A22BE7F-F071-48EC-85F8-2D2725FA9437" name="Update Salary Table" activiti:delegateExpression="${activiti_storeEntityDelegate}">
      <extensionElements>
        <modeler:entity-attribute-mapping modeler:mappedDataModel="5007" modeler:mappedEntity="Salary" modeler:mapped-variable-name="currentSalary" modeler:variable-entity-name="Salary">
          <modeler:attribute-element-mapping modeler:attribute-name="Salary" modeler:form-field-id="newsalary" modeler:form-field-name="New Salary" modeler:form-field-type="integer"/>
          <modeler:attribute-element-mapping modeler:attribute-name="Employee No" modeler:variable-id="currentSalary.Employee No" modeler:variable-name="currentSalary.Employee No" modeler:variable-type="number"/>
          <modeler:attribute-element-mapping modeler:attribute-name="From Date" modeler:form-field-id="newfromdate" modeler:form-field-name="New From Date" modeler:form-field-type="date"/>
          <modeler:attribute-element-mapping modeler:attribute-name="To Date" modeler:staticValue="9999-01-01"/>
        </modeler:entity-attribute-mapping>
        <modeler:editor-resource-id><![CDATA[sid-2A22BE7F-F071-48EC-85F8-2D2725FA9437]]></modeler:editor-resource-id>
      </extensionElements>
    </serviceTask>
    <sequenceFlow id="sid-AC18C234-CE4D-4D89-8995-5DA2640B054B" sourceRef="sid-6644BF66-656B-4D1B-A8C7-3A7EA50D239E" targetRef="sid-2A22BE7F-F071-48EC-85F8-2D2725FA9437">
      <extensionElements>
        <modeler:editor-resource-id><![CDATA[sid-AC18C234-CE4D-4D89-8995-5DA2640B054B]]></modeler:editor-resource-id>
      </extensionElements>
    </sequenceFlow>
    <sequenceFlow id="sid-F6C94AD2-32FB-49C8-8586-11C564D73518" sourceRef="sid-2A22BE7F-F071-48EC-85F8-2D2725FA9437" targetRef="sid-D52F698C-DE6B-4932-82EB-94FDACDFF785">
      <extensionElements>
        <modeler:editor-resource-id><![CDATA[sid-F6C94AD2-32FB-49C8-8586-11C564D73518]]></modeler:editor-resource-id>
      </extensionElements>
    </sequenceFlow>
    <sequenceFlow id="sid-ED11EE4E-07D3-4D79-8494-86E158758CD7" sourceRef="startEvent1" targetRef="sid-FF8A7B92-03DE-4FDE-BA28-63E9FB936BD7">
      <extensionElements>
        <modeler:editor-resource-id><![CDATA[sid-ED11EE4E-07D3-4D79-8494-86E158758CD7]]></modeler:editor-resource-id>
      </extensionElements>
    </sequenceFlow>
    <sequenceFlow id="approved" name="Approved" sourceRef="sid-FC6EA13F-1357-4ECF-ABAE-703383279D22" targetRef="sid-6644BF66-656B-4D1B-A8C7-3A7EA50D239E">
      <extensionElements>
        <modeler:conditionDefinition modeler:index="0" modeler:outcomeFormId="16016" modeler:outcomeFormName="Approve Salary" modeler:rightOutcomeName="Approved" modeler:operator="=="/>
        <modeler:editor-resource-id><![CDATA[sid-D629A6DC-D124-40F1-9C0A-59B69715A742]]></modeler:editor-resource-id>
      </extensionElements>
      <conditionExpression xsi:type="tFormalExpression"><![CDATA[${(activiti_flowConditionsBean.exists(execution, 'form16016outcome') && form16016outcome == 'Approved')}]]></conditionExpression>
    </sequenceFlow>
    <sequenceFlow id="rejected" name="Rejected" sourceRef="sid-FC6EA13F-1357-4ECF-ABAE-703383279D22" targetRef="sid-D52F698C-DE6B-4932-82EB-94FDACDFF785">
      <extensionElements>
        <modeler:conditionDefinition modeler:index="0" modeler:outcomeFormId="16016" modeler:outcomeFormName="Approve Salary" modeler:rightOutcomeName="Rejected" modeler:operator="=="/>
        <modeler:editor-resource-id><![CDATA[sid-C44E72E7-9987-46FA-8CA3-D2BE5274A345]]></modeler:editor-resource-id>
      </extensionElements>
      <conditionExpression xsi:type="tFormalExpression"><![CDATA[${(activiti_flowConditionsBean.exists(execution, 'form16016outcome') && form16016outcome == 'Rejected')}]]></conditionExpression>
    </sequenceFlow>
  </process>
  <bpmndi:BPMNDiagram id="BPMNDiagram_updateEmployee">
    <bpmndi:BPMNPlane bpmnElement="updateEmployee" id="BPMNPlane_updateEmployee">
      <bpmndi:BPMNShape bpmnElement="startEvent1" id="BPMNShape_startEvent1">
        <omgdc:Bounds height="30.0" width="30.0" x="15.0" y="170.0"/>
      </bpmndi:BPMNShape>
      <bpmndi:BPMNShape bpmnElement="sid-1A2B790F-96A6-4A74-8AB6-90EB7314D0A4" id="BPMNShape_sid-1A2B790F-96A6-4A74-8AB6-90EB7314D0A4">
        <omgdc:Bounds height="80.0" width="100.0" x="255.0" y="145.0"/>
      </bpmndi:BPMNShape>
      <bpmndi:BPMNShape bpmnElement="sid-FC6EA13F-1357-4ECF-ABAE-703383279D22" id="BPMNShape_sid-FC6EA13F-1357-4ECF-ABAE-703383279D22">
        <omgdc:Bounds height="40.0" width="40.0" x="405.0" y="165.0"/>
      </bpmndi:BPMNShape>
      <bpmndi:BPMNShape bpmnElement="sid-D52F698C-DE6B-4932-82EB-94FDACDFF785" id="BPMNShape_sid-D52F698C-DE6B-4932-82EB-94FDACDFF785">
        <omgdc:Bounds height="28.0" width="28.0" x="660.0" y="171.0"/>
      </bpmndi:BPMNShape>
      <bpmndi:BPMNShape bpmnElement="sid-6644BF66-656B-4D1B-A8C7-3A7EA50D239E" id="BPMNShape_sid-6644BF66-656B-4D1B-A8C7-3A7EA50D239E">
        <omgdc:Bounds height="80.0" width="100.0" x="375.0" y="285.0"/>
      </bpmndi:BPMNShape>
      <bpmndi:BPMNShape bpmnElement="sid-FF8A7B92-03DE-4FDE-BA28-63E9FB936BD7" id="BPMNShape_sid-FF8A7B92-03DE-4FDE-BA28-63E9FB936BD7">
        <omgdc:Bounds height="80.0" width="100.0" x="105.0" y="145.0"/>
      </bpmndi:BPMNShape>
      <bpmndi:BPMNShape bpmnElement="sid-2A22BE7F-F071-48EC-85F8-2D2725FA9437" id="BPMNShape_sid-2A22BE7F-F071-48EC-85F8-2D2725FA9437">
        <omgdc:Bounds height="80.0" width="100.0" x="540.0" y="285.0"/>
      </bpmndi:BPMNShape>
      <bpmndi:BPMNEdge bpmnElement="approved" id="BPMNEdge_approved">
        <omgdi:waypoint x="425.405" y="204.595"/>
        <omgdi:waypoint x="425.0049751243781" y="285.0"/>
      </bpmndi:BPMNEdge>
      <bpmndi:BPMNEdge bpmnElement="sid-F6C94AD2-32FB-49C8-8586-11C564D73518" id="BPMNEdge_sid-F6C94AD2-32FB-49C8-8586-11C564D73518">
        <omgdi:waypoint x="640.0" y="325.0"/>
        <omgdi:waypoint x="674.0" y="325.0"/>
        <omgdi:waypoint x="674.0" y="199.0"/>
      </bpmndi:BPMNEdge>
      <bpmndi:BPMNEdge bpmnElement="rejected" id="BPMNEdge_rejected">
        <omgdi:waypoint x="444.5383064516129" y="185.4616935483871"/>
        <omgdi:waypoint x="660.0000283389624" y="185.02816895706448"/>
      </bpmndi:BPMNEdge>
      <bpmndi:BPMNEdge bpmnElement="sid-E38DBF59-1198-401B-A744-AB0AAF27892B" id="BPMNEdge_sid-E38DBF59-1198-401B-A744-AB0AAF27892B">
        <omgdi:waypoint x="355.0" y="185.0"/>
        <omgdi:waypoint x="405.0" y="185.0"/>
      </bpmndi:BPMNEdge>
      <bpmndi:BPMNEdge bpmnElement="sid-ED11EE4E-07D3-4D79-8494-86E158758CD7" id="BPMNEdge_sid-ED11EE4E-07D3-4D79-8494-86E158758CD7">
        <omgdi:waypoint x="45.0" y="185.0"/>
        <omgdi:waypoint x="105.0" y="185.0"/>
      </bpmndi:BPMNEdge>
      <bpmndi:BPMNEdge bpmnElement="sid-AC18C234-CE4D-4D89-8995-5DA2640B054B" id="BPMNEdge_sid-AC18C234-CE4D-4D89-8995-5DA2640B054B">
        <omgdi:waypoint x="475.0" y="325.0"/>
        <omgdi:waypoint x="540.0" y="325.0"/>
      </bpmndi:BPMNEdge>
      <bpmndi:BPMNEdge bpmnElement="sid-22D856A1-3084-4816-A61F-1E316B4E46B3" id="BPMNEdge_sid-22D856A1-3084-4816-A61F-1E316B4E46B3">
        <omgdi:waypoint x="205.0" y="185.0"/>
        <omgdi:waypoint x="255.0" y="185.0"/>
      </bpmndi:BPMNEdge>
    </bpmndi:BPMNPlane>
  </bpmndi:BPMNDiagram>
</definitions>