{"resourceId":15015,"properties":{"process_id":"updateEmployee","name":"Update Employee","documentation":"","process_author":"","process_version":"","process_namespace":"http://www.activiti.org/processdef","executionlisteners":"","eventlisteners":"","signaldefinitions":"","messagedefinitions":"","executionvariables":"","metadata":""},"stencil":{"id":"BPMNDiagram"},"childShapes":[{"resourceId":"startEvent1","properties":{"overrideid":"","name":"","documentation":"","executionlisteners":"","initiator":"","formkeydefinition":"","formreference":{"id":15016,"name":"Specify Employee Number","referenceId":15015,"variablesmapping":[]},"fieldstovariables":[{"mappedDataModel":17017,"mappedEntity":"Employee","formField":{"fieldType":"FormFieldRepresentation","id":"employeeno","name":"Employee No","type":"integer","value":null,"required":false,"readOnly":false,"overrideId":false,"colspan":1,"placeholder":null,"minLength":0,"maxLength":0,"minValue":null,"maxValue":null,"regexPattern":null,"optionType":null,"hasEmptyValue":null,"options":null,"restUrl":null,"restResponsePath":null,"restIdProperty":null,"restLabelProperty":null,"tab":null,"className":null,"params":{"existingColspan":1,"maxColspan":2},"dateDisplayFormat":null,"layout":{"row":-1,"column":-1,"colspan":1},"sizeX":1,"sizeY":1,"row":-1,"col":-1,"visibilityCondition":null},"mappedColumn":"Employee No","mappedVariableName":"selectedEmployee","$$hashKey":"uiGrid-00A4"},{"mappedDataModel":5007,"mappedEntity":"Salary","formField":{"fieldType":"FormFieldRepresentation","id":"employeeno","name":"Employee No","type":"integer","value":null,"required":false,"readOnly":false,"overrideId":false,"colspan":1,"placeholder":null,"minLength":0,"maxLength":0,"minValue":null,"maxValue":null,"regexPattern":null,"optionType":null,"hasEmptyValue":null,"options":null,"restUrl":null,"restResponsePath":null,"restIdProperty":null,"restLabelProperty":null,"tab":null,"className":null,"params":{"existingColspan":1,"maxColspan":2},"dateDisplayFormat":null,"layout":{"row":-1,"column":-1,"colspan":1},"sizeX":1,"sizeY":1,"row":-1,"col":-1,"visibilityCondition":null},"mappedColumn":"Employee No","mappedVariableName":"currentSalary","$$hashKey":"uiGrid-00A6"}],"formproperties":""},"stencil":{"id":"StartNoneEvent"},"childShapes":[],"outgoing":[{"resourceId":"sid-ED11EE4E-07D3-4D79-8494-86E158758CD7"}],"bounds":{"lowerRight":{"x":45,"y":200},"upperLeft":{"x":15,"y":170}},"dockers":[]},{"resourceId":"sid-1A2B790F-96A6-4A74-8AB6-90EB7314D0A4","properties":{"overrideid":"","name":"Approve Employee Update","documentation":"","asynchronousdefinition":"false","exclusivedefinition":"false","executionlisteners":"","multiinstance_type":"None","multiinstance_cardinality":"","multiinstance_collection":"","multiinstance_variable":"","multiinstance_condition":"","isforcompensation":"false","usertasksendemail":true,"usertaskassignment":"","formkeydefinition":"","formreference":{"id":16016,"name":"Approve Employee Update","referenceId":15015},"fieldstovariables":"","duedatedefinition":"","prioritydefinition":"","categorydefinition":"","formproperties":"","tasklisteners":"","emailtemplate":""},"stencil":{"id":"UserTask"},"childShapes":[],"outgoing":[{"resourceId":"sid-E38DBF59-1198-401B-A744-AB0AAF27892B"}],"bounds":{"lowerRight":{"x":355,"y":225},"upperLeft":{"x":255,"y":145}},"dockers":[]},{"resourceId":"sid-FC6EA13F-1357-4ECF-ABAE-703383279D22","properties":{"overrideid":"","name":"","documentation":"","asynchronousdefinition":"false","exclusivedefinition":"false","sequencefloworder":""},"stencil":{"id":"ExclusiveGateway"},"childShapes":[],"outgoing":[{"resourceId":"sid-C44E72E7-9987-46FA-8CA3-D2BE5274A345"},{"resourceId":"sid-D629A6DC-D124-40F1-9C0A-59B69715A742"}],"bounds":{"lowerRight":{"x":445,"y":205},"upperLeft":{"x":405,"y":165}},"dockers":[]},{"resourceId":"sid-D52F698C-DE6B-4932-82EB-94FDACDFF785","properties":{"overrideid":"","name":"","documentation":"","executionlisteners":""},"stencil":{"id":"EndNoneEvent"},"childShapes":[],"outgoing":[],"bounds":{"lowerRight":{"x":688,"y":199},"upperLeft":{"x":660,"y":171}},"dockers":[]},{"resourceId":"sid-6644BF66-656B-4D1B-A8C7-3A7EA50D239E","properties":{"overrideid":"","name":"Update Employee Table","documentation":"","entityattributemapping":{"mappedDataModel":17017,"mappedEntity":"Employee","attributeMappings":[{"attributeName":"Employee No","attributeType":"number","attributePrimaryKey":true,"attributeIdentity":false,"attributeRequired":true,"$$hashKey":"uiGrid-00FV","valueType":"variable","variable":{"id":"selectedEmployee.Employee No","name":"selectedEmployee.Employee No","type":"number","$$hashKey":"object:7952"}},{"attributeName":"First Name","attributeType":"string","attributePrimaryKey":false,"attributeIdentity":false,"attributeRequired":true,"$$hashKey":"uiGrid-00FX","valueType":"field","formField":{"id":"newFirstName","name":"newFirstName","type":"text","$$hashKey":"object:7941"}},{"attributeName":"Last Name","attributeType":"string","attributePrimaryKey":false,"attributeIdentity":false,"attributeRequired":true,"$$hashKey":"uiGrid-00FZ","valueType":"field","formField":{"id":"newLastName","name":"newLastName","type":"text","$$hashKey":"object:7984"}},{"attributeName":"Gender","attributeType":"string","attributePrimaryKey":false,"attributeIdentity":false,"attributeRequired":true,"$$hashKey":"uiGrid-00G1","valueType":"variable","variable":{"id":"selectedEmployee.Gender","name":"selectedEmployee.Gender","type":"string","$$hashKey":"object:7970"}}],"variableType":"existing","existingVariable":{"mappedVariableName":"selectedEmployee","entityName":"Employee","mappedDataModel":17017,"attributes":[{"name":"Employee No","type":"number"},{"name":"First Name","type":"string"},{"name":"Last Name","type":"string"},{"name":"Gender","type":"string"}]}}},"stencil":{"id":"StoreEntityTask"},"childShapes":[],"outgoing":[{"resourceId":"sid-AC18C234-CE4D-4D89-8995-5DA2640B054B"}],"bounds":{"lowerRight":{"x":475,"y":365},"upperLeft":{"x":375,"y":285}},"dockers":[]},{"resourceId":"sid-E38DBF59-1198-401B-A744-AB0AAF27892B","properties":{"overrideid":"","name":"","documentation":"","conditionsequenceflow":"","executionlisteners":"","defaultflow":"false","showdiamondmarker":false},"stencil":{"id":"SequenceFlow"},"childShapes":[],"outgoing":[{"resourceId":"sid-FC6EA13F-1357-4ECF-ABAE-703383279D22"}],"bounds":{"lowerRight":{"x":405.234375,"y":185},"upperLeft":{"x":355.80078125,"y":185}},"dockers":[{"x":50,"y":40},{"x":4.5,"y":20}],"target":{"resourceId":"sid-FC6EA13F-1357-4ECF-ABAE-703383279D22"}},{"resourceId":"sid-FF8A7B92-03DE-4FDE-BA28-63E9FB936BD7","properties":{"overrideid":"","name":"Update Employee","documentation":"","asynchronousdefinition":"false","exclusivedefinition":"false","executionlisteners":"","multiinstance_type":"None","multiinstance_cardinality":"","multiinstance_collection":"","multiinstance_variable":"","multiinstance_condition":"","isforcompensation":"false","usertasksendemail":true,"usertaskassignment":"","formkeydefinition":"","formreference":{"id":17018,"name":"Update Employee","referenceId":null,"variablesmapping":[{"mappedVariable":"firstname","inProcessVariable":"selectedEmployee.First Name","outProcessVariable":"newFirstName","typeOfMapping":"inputOutputMap","inVariableType":"restResponse","outVariableType":"staticValue"},{"mappedVariable":"lastname","inProcessVariable":"selectedEmployee.Last Name","outProcessVariable":"newLastName","typeOfMapping":"inputOutputMap","inVariableType":"restResponse","outVariableType":"staticValue"}]},"fieldstovariables":"","duedatedefinition":"","prioritydefinition":"","categorydefinition":"","formproperties":"","tasklisteners":"","emailtemplate":""},"stencil":{"id":"UserTask"},"childShapes":[],"outgoing":[{"resourceId":"sid-22D856A1-3084-4816-A61F-1E316B4E46B3"}],"bounds":{"lowerRight":{"x":205,"y":225},"upperLeft":{"x":105,"y":145}},"dockers":[]},{"resourceId":"sid-22D856A1-3084-4816-A61F-1E316B4E46B3","properties":{"overrideid":"","name":"","documentation":"","conditionsequenceflow":"","executionlisteners":"","defaultflow":"false","showdiamondmarker":false},"stencil":{"id":"SequenceFlow"},"childShapes":[],"outgoing":[{"resourceId":"sid-1A2B790F-96A6-4A74-8AB6-90EB7314D0A4"}],"bounds":{"lowerRight":{"x":255,"y":185},"upperLeft":{"x":205.7109375,"y":185}},"dockers":[{"x":50,"y":40},{"x":1,"y":40}],"target":{"resourceId":"sid-1A2B790F-96A6-4A74-8AB6-90EB7314D0A4"}},{"resourceId":"sid-2A22BE7F-F071-48EC-85F8-2D2725FA9437","properties":{"overrideid":"","name":"Update Salary Table","documentation":"","entityattributemapping":{"mappedDataModel":5007,"mappedEntity":"Salary","attributeMappings":[{"attributeName":"Salary","attributeType":"number","attributePrimaryKey":false,"attributeIdentity":false,"attributeRequired":true,"valueType":"field","formField":{"id":"newsalary","name":"New Salary","type":"integer"},"$$hashKey":"uiGrid-00GR"},{"attributeName":"Employee No","attributeType":"number","attributePrimaryKey":true,"attributeIdentity":false,"attributeRequired":true,"valueType":"variable","variable":{"id":"currentSalary.Employee No","name":"currentSalary.Employee No","type":"number","$$hashKey":"object:8136"},"$$hashKey":"uiGrid-00GT"},{"attributeName":"From Date","attributeType":"date","attributePrimaryKey":false,"attributeIdentity":false,"attributeRequired":true,"valueType":"field","formField":{"id":"newfromdate","name":"New From Date","type":"date","dateDisplayFormat":null},"$$hashKey":"uiGrid-00GV"},{"attributeName":"To Date","attributeType":"date","attributePrimaryKey":false,"attributeIdentity":false,"attributeRequired":true,"valueType":"static","staticValue":"9999-01-01","$$hashKey":"uiGrid-00GX"}],"variableType":"existing","existingVariable":{"mappedVariableName":"currentSalary","entityName":"Salary","mappedDataModel":5007,"attributes":[{"name":"Salary","type":"number"},{"name":"Employee No","type":"number"},{"name":"From Date","type":"date"},{"name":"To Date","type":"date"}]}}},"stencil":{"id":"StoreEntityTask"},"childShapes":[],"outgoing":[{"resourceId":"sid-F6C94AD2-32FB-49C8-8586-11C564D73518"}],"bounds":{"lowerRight":{"x":640,"y":365},"upperLeft":{"x":540,"y":285}},"dockers":[]},{"resourceId":"sid-AC18C234-CE4D-4D89-8995-5DA2640B054B","properties":{"overrideid":"","name":"","documentation":"","conditionsequenceflow":"","executionlisteners":"","defaultflow":"false","showdiamondmarker":false},"stencil":{"id":"SequenceFlow"},"childShapes":[],"outgoing":[{"resourceId":"sid-2A22BE7F-F071-48EC-85F8-2D2725FA9437"}],"bounds":{"lowerRight":{"x":540,"y":325},"upperLeft":{"x":475.5234375,"y":325}},"dockers":[{"x":99,"y":40},{"x":1,"y":40}],"target":{"resourceId":"sid-2A22BE7F-F071-48EC-85F8-2D2725FA9437"}},{"resourceId":"sid-F6C94AD2-32FB-49C8-8586-11C564D73518","properties":{"overrideid":"","name":"","documentation":"","conditionsequenceflow":"","executionlisteners":"","defaultflow":"false"},"stencil":{"id":"SequenceFlow"},"childShapes":[],"outgoing":[{"resourceId":"sid-D52F698C-DE6B-4932-82EB-94FDACDFF785"}],"bounds":{"lowerRight":{"x":674,"y":325},"upperLeft":{"x":640.875,"y":199.125}},"dockers":[{"x":50,"y":40},{"x":674,"y":325},{"x":14,"y":14}],"target":{"resourceId":"sid-D52F698C-DE6B-4932-82EB-94FDACDFF785"}},{"resourceId":"sid-ED11EE4E-07D3-4D79-8494-86E158758CD7","properties":{"overrideid":"","name":"","documentation":"","conditionsequenceflow":"","executionlisteners":"","defaultflow":"false","showdiamondmarker":false},"stencil":{"id":"SequenceFlow"},"childShapes":[],"outgoing":[{"resourceId":"sid-FF8A7B92-03DE-4FDE-BA28-63E9FB936BD7"}],"bounds":{"lowerRight":{"x":105,"y":185},"upperLeft":{"x":45.25,"y":185}},"dockers":[{"x":15,"y":15},{"x":1,"y":40}],"target":{"resourceId":"sid-FF8A7B92-03DE-4FDE-BA28-63E9FB936BD7"}},{"resourceId":"sid-D629A6DC-D124-40F1-9C0A-59B69715A742","properties":{"overrideid":"approved","name":"Approved","documentation":"","conditionsequenceflow":{"expression":{"type":"variables","operator":"==","outcomeFormId":16016,"outcomeFormName":"Approve Salary","rightOutcomeName":"Approved","rightOutcomeFormId":16016,"rightOutcomeFormName":"Approve Salary"}},"executionlisteners":"","defaultflow":"false","showdiamondmarker":false},"stencil":{"id":"SequenceFlow"},"childShapes":[],"outgoing":[{"resourceId":"sid-6644BF66-656B-4D1B-A8C7-3A7EA50D239E"}],"bounds":{"lowerRight":{"x":425.40127493719257,"y":284.21485612570154},"upperLeft":{"x":425.00888131280743,"y":205.34373762429846}},"dockers":[{"x":20.5,"y":20.5},{"x":50,"y":1}],"target":{"resourceId":"sid-6644BF66-656B-4D1B-A8C7-3A7EA50D239E"}},{"resourceId":"sid-C44E72E7-9987-46FA-8CA3-D2BE5274A345","properties":{"overrideid":"rejected","name":"Rejected","documentation":"","conditionsequenceflow":{"expression":{"type":"variables","operator":"==","outcomeFormId":16016,"outcomeFormName":"Approve Salary","rightOutcomeName":"Rejected","rightOutcomeFormId":16016,"rightOutcomeFormName":"Approve Salary"}},"executionlisteners":"","defaultflow":"false"},"stencil":{"id":"SequenceFlow"},"childShapes":[],"outgoing":[{"resourceId":"sid-D52F698C-DE6B-4932-82EB-94FDACDFF785"}],"bounds":{"lowerRight":{"x":659.4101582742115,"y":185.45892543163825},"upperLeft":{"x":445.9140604757884,"y":185.02935581836175}},"dockers":[{"x":20.5,"y":20.5},{"x":14,"y":14}],"target":{"resourceId":"sid-D52F698C-DE6B-4932-82EB-94FDACDFF785"}}],"bounds":{"lowerRight":{"x":1200,"y":1050},"upperLeft":{"x":0,"y":0}},"stencilset":{"url":"stencilsets/bpmn2.0/bpmn2.0.json","namespace":"http://b3mn.org/stencilset/bpmn2.0#"},"ssextensions":[]}