{"resourceId":29029,"properties":{"process_id":"ReadNodeEntity","name":"Read Node Entity","documentation":"","process_author":"","process_version":"","process_namespace":"http://www.activiti.org/processdef","executionlisteners":"","eventlisteners":"","signaldefinitions":"","messagedefinitions":"","executionvariables":"","metadata":""},"stencil":{"id":"BPMNDiagram"},"childShapes":[{"resourceId":"startEvent1","properties":{"overrideid":"","name":"","documentation":"","executionlisteners":"","initiator":"","formkeydefinition":"","formreference":{"id":29030,"name":"Specify some entity keys","referenceId":29029},"fieldstovariables":[{"mappedDataModel":25025,"mappedEntity":"Folder","formField":{"fieldType":"FormFieldRepresentation","id":"entitykey1path","name":"Entity Key 1 (Path)","type":"text","value":null,"required":false,"readOnly":false,"overrideId":false,"colspan":1,"placeholder":null,"minLength":0,"maxLength":0,"minValue":null,"maxValue":null,"regexPattern":null,"optionType":null,"hasEmptyValue":null,"options":null,"restUrl":null,"restResponsePath":null,"restIdProperty":null,"restLabelProperty":null,"tab":null,"className":null,"params":{"existingColspan":1,"maxColspan":2},"dateDisplayFormat":null,"layout":{"row":-1,"column":-1,"colspan":1},"sizeX":1,"sizeY":1,"row":-1,"col":-1,"visibilityCondition":null},"mappedColumn":"ID","mappedVariableName":"node1","$$hashKey":"uiGrid-000Q"},{"$$hashKey":"uiGrid-0011","mappedDataModel":25025,"mappedEntity":"Folder","formField":{"fieldType":"FormFieldRepresentation","id":"entitykey2id","name":"Entity Key 2 (ID)","type":"text","value":null,"required":false,"readOnly":false,"overrideId":false,"colspan":1,"placeholder":null,"minLength":0,"maxLength":0,"minValue":null,"maxValue":null,"regexPattern":null,"optionType":null,"hasEmptyValue":null,"options":null,"restUrl":null,"restResponsePath":null,"restIdProperty":null,"restLabelProperty":null,"tab":null,"className":null,"params":{"existingColspan":1,"maxColspan":2},"dateDisplayFormat":null,"layout":{"row":-1,"column":-1,"colspan":1},"sizeX":1,"sizeY":1,"row":-1,"col":-1,"visibilityCondition":null,"$$hashKey":"object:786"},"mappedColumn":"ID","mappedVariableName":"node2"}],"formproperties":""},"stencil":{"id":"StartNoneEvent"},"childShapes":[],"outgoing":[{"resourceId":"sid-88C28BAE-0592-464A-8386-CEE2BAFEB8C5"}],"bounds":{"lowerRight":{"x":120,"y":535},"upperLeft":{"x":90,"y":505}},"dockers":[]},{"resourceId":"sid-944F2921-733F-4F7A-AE3A-350E08F9A99A","properties":{"overrideid":"","name":"Display Entity Data","documentation":"","asynchronousdefinition":"false","exclusivedefinition":"false","executionlisteners":"","multiinstance_type":"None","multiinstance_cardinality":"","multiinstance_collection":"","multiinstance_variable":"","multiinstance_condition":"","isforcompensation":"false","usertasksendemail":true,"usertaskassignment":"","formkeydefinition":"","formreference":{"id":29031,"name":"Display Entities","referenceId":29029},"fieldstovariables":"","duedatedefinition":"","prioritydefinition":"","categorydefinition":"","formproperties":"","tasklisteners":"","emailtemplate":""},"stencil":{"id":"UserTask"},"childShapes":[],"outgoing":[{"resourceId":"sid-51089139-1B13-4C8D-9119-E810CDE4C0F0"}],"bounds":{"lowerRight":{"x":310,"y":560},"upperLeft":{"x":210,"y":480}},"dockers":[]},{"resourceId":"sid-88C28BAE-0592-464A-8386-CEE2BAFEB8C5","properties":{"overrideid":"","name":"","documentation":"","conditionsequenceflow":"","executionlisteners":"","defaultflow":"false"},"stencil":{"id":"SequenceFlow"},"childShapes":[],"outgoing":[{"resourceId":"sid-944F2921-733F-4F7A-AE3A-350E08F9A99A"}],"bounds":{"lowerRight":{"x":209.3515625,"y":520},"upperLeft":{"x":120.53125,"y":520}},"dockers":[{"x":15,"y":15},{"x":50,"y":40}],"target":{"resourceId":"sid-944F2921-733F-4F7A-AE3A-350E08F9A99A"}},{"resourceId":"sid-1F7236E8-F3C3-473D-B721-0A58C8A0978C","properties":{"overrideid":"","name":"","documentation":"","executionlisteners":""},"stencil":{"id":"EndNoneEvent"},"childShapes":[],"outgoing":[],"bounds":{"lowerRight":{"x":423.8833312988281,"y":534},"upperLeft":{"x":395.8833312988281,"y":506}},"dockers":[]},{"resourceId":"sid-51089139-1B13-4C8D-9119-E810CDE4C0F0","properties":{"overrideid":"","name":"","documentation":"","conditionsequenceflow":"","executionlisteners":"","defaultflow":"false"},"stencil":{"id":"SequenceFlow"},"childShapes":[],"outgoing":[{"resourceId":"sid-1F7236E8-F3C3-473D-B721-0A58C8A0978C"}],"bounds":{"lowerRight":{"x":395.41725075244904,"y":520},"upperLeft":{"x":310.180468082428,"y":520}},"dockers":[{"x":50,"y":40},{"x":14,"y":14}],"target":{"resourceId":"sid-1F7236E8-F3C3-473D-B721-0A58C8A0978C"}}],"bounds":{"lowerRight":{"x":1200,"y":1050},"upperLeft":{"x":0,"y":0}},"stencilset":{"url":"stencilsets/bpmn2.0/bpmn2.0.json","namespace":"http://b3mn.org/stencilset/bpmn2.0#"},"ssextensions":[]}