<?xml version='1.0' encoding='UTF-8'?>
<definitions xmlns="http://www.omg.org/spec/BPMN/20100524/MODEL" xmlns:xsi="http://www.w3.org/2001/XMLSchema-instance" xmlns:xsd="http://www.w3.org/2001/XMLSchema" xmlns:activiti="http://activiti.org/bpmn" xmlns:bpmndi="http://www.omg.org/spec/BPMN/20100524/DI" xmlns:omgdc="http://www.omg.org/spec/DD/20100524/DC" xmlns:omgdi="http://www.omg.org/spec/DD/20100524/DI" typeLanguage="http://www.w3.org/2001/XMLSchema" expressionLanguage="http://www.w3.org/1999/XPath" targetNamespace="http://www.activiti.org/processdef" xmlns:modeler="http://activiti.com/modeler" modeler:version="1.0en" modeler:exportDateTime="20170125113855823" modeler:modelId="29029" modeler:modelVersion="7" modeler:modelLastUpdated="1485341591182">
  <process id="ReadNodeEntity" name="Read Node Entity" isExecutable="true">
    <startEvent id="startEvent1" activiti:formKey="29030">
      <extensionElements>
        <modeler:form-reference-id><![CDATA[29030]]></modeler:form-reference-id>
        <modeler:form-reference-name><![CDATA[Specify some entity keys]]></modeler:form-reference-name>
        <modeler:field-to-variable-mapping modeler:mappedDataModel="25025" modeler:mappedEntity="Folder" modeler:formFieldId="entitykey1path" modeler:formFieldName="Entity Key 1 (Path)" modeler:mappedColumn="ID" modeler:mappedVariableName="node1"/>
        <modeler:field-to-variable-mapping modeler:mappedDataModel="25025" modeler:mappedEntity="Folder" modeler:formFieldId="entitykey2id" modeler:formFieldName="Entity Key 2 (ID)" modeler:mappedColumn="ID" modeler:mappedVariableName="node2"/>
        <modeler:editor-resource-id><![CDATA[startEvent1]]></modeler:editor-resource-id>
      </extensionElements>
    </startEvent>
    <userTask id="sid-944F2921-733F-4F7A-AE3A-350E08F9A99A" name="Display Entity Data" activiti:assignee="$INITIATOR" activiti:formKey="29031">
      <extensionElements>
        <modeler:allow-send-email><![CDATA[true]]></modeler:allow-send-email>
        <modeler:form-reference-id><![CDATA[29031]]></modeler:form-reference-id>
        <modeler:form-reference-name><![CDATA[Display Entities]]></modeler:form-reference-name>
        <modeler:activiti-idm-initiator><![CDATA[true]]></modeler:activiti-idm-initiator>
        <modeler:editor-resource-id><![CDATA[sid-944F2921-733F-4F7A-AE3A-350E08F9A99A]]></modeler:editor-resource-id>
      </extensionElements>
    </userTask>
    <sequenceFlow id="sid-88C28BAE-0592-464A-8386-CEE2BAFEB8C5" sourceRef="startEvent1" targetRef="sid-944F2921-733F-4F7A-AE3A-350E08F9A99A">
      <extensionElements>
        <modeler:editor-resource-id><![CDATA[sid-88C28BAE-0592-464A-8386-CEE2BAFEB8C5]]></modeler:editor-resource-id>
      </extensionElements>
    </sequenceFlow>
    <endEvent id="sid-1F7236E8-F3C3-473D-B721-0A58C8A0978C">
      <extensionElements>
        <modeler:editor-resource-id><![CDATA[sid-1F7236E8-F3C3-473D-B721-0A58C8A0978C]]></modeler:editor-resource-id>
      </extensionElements>
    </endEvent>
    <sequenceFlow id="sid-51089139-1B13-4C8D-9119-E810CDE4C0F0" sourceRef="sid-944F2921-733F-4F7A-AE3A-350E08F9A99A" targetRef="sid-1F7236E8-F3C3-473D-B721-0A58C8A0978C">
      <extensionElements>
        <modeler:editor-resource-id><![CDATA[sid-51089139-1B13-4C8D-9119-E810CDE4C0F0]]></modeler:editor-resource-id>
      </extensionElements>
    </sequenceFlow>
  </process>
  <bpmndi:BPMNDiagram id="BPMNDiagram_ReadNodeEntity">
    <bpmndi:BPMNPlane bpmnElement="ReadNodeEntity" id="BPMNPlane_ReadNodeEntity">
      <bpmndi:BPMNShape bpmnElement="startEvent1" id="BPMNShape_startEvent1">
        <omgdc:Bounds height="30.0" width="30.0" x="90.0" y="505.0"/>
      </bpmndi:BPMNShape>
      <bpmndi:BPMNShape bpmnElement="sid-944F2921-733F-4F7A-AE3A-350E08F9A99A" id="BPMNShape_sid-944F2921-733F-4F7A-AE3A-350E08F9A99A">
        <omgdc:Bounds height="80.0" width="100.0" x="210.0" y="480.0"/>
      </bpmndi:BPMNShape>
      <bpmndi:BPMNShape bpmnElement="sid-1F7236E8-F3C3-473D-B721-0A58C8A0978C" id="BPMNShape_sid-1F7236E8-F3C3-473D-B721-0A58C8A0978C">
        <omgdc:Bounds height="28.0" width="28.0" x="395.8833312988281" y="506.0"/>
      </bpmndi:BPMNShape>
      <bpmndi:BPMNEdge bpmnElement="sid-51089139-1B13-4C8D-9119-E810CDE4C0F0" id="BPMNEdge_sid-51089139-1B13-4C8D-9119-E810CDE4C0F0">
        <omgdi:waypoint x="310.0" y="520.0"/>
        <omgdi:waypoint x="395.8833312988281" y="520.0"/>
      </bpmndi:BPMNEdge>
      <bpmndi:BPMNEdge bpmnElement="sid-88C28BAE-0592-464A-8386-CEE2BAFEB8C5" id="BPMNEdge_sid-88C28BAE-0592-464A-8386-CEE2BAFEB8C5">
        <omgdi:waypoint x="120.0" y="520.0"/>
        <omgdi:waypoint x="210.0" y="520.0"/>
      </bpmndi:BPMNEdge>
    </bpmndi:BPMNPlane>
  </bpmndi:BPMNDiagram>
</definitions>