<?xml version='1.0' encoding='UTF-8'?>
<definitions xmlns="http://www.omg.org/spec/BPMN/20100524/MODEL" xmlns:xsi="http://www.w3.org/2001/XMLSchema-instance" xmlns:xsd="http://www.w3.org/2001/XMLSchema" xmlns:activiti="http://activiti.org/bpmn" xmlns:bpmndi="http://www.omg.org/spec/BPMN/20100524/DI" xmlns:omgdc="http://www.omg.org/spec/DD/20100524/DC" xmlns:omgdi="http://www.omg.org/spec/DD/20100524/DI" typeLanguage="http://www.w3.org/2001/XMLSchema" expressionLanguage="http://www.w3.org/1999/XPath" targetNamespace="http://www.activiti.org/processdef" xmlns:modeler="http://activiti.com/modeler" modeler:version="1.0en" modeler:exportDateTime="20170125113855842" modeler:modelId="27027" modeler:modelVersion="17" modeler:modelLastUpdated="1485341591226">
  <process id="StoreNodeEntity" name="Store Node Entity" isExecutable="true">
    <startEvent id="startEvent1" activiti:formKey="27028">
      <extensionElements>
        <modeler:form-reference-id><![CDATA[27028]]></modeler:form-reference-id>
        <modeler:form-reference-name><![CDATA[Collect Folder data]]></modeler:form-reference-name>
        <modeler:editor-resource-id><![CDATA[startEvent1]]></modeler:editor-resource-id>
      </extensionElements>
    </startEvent>
    <serviceTask id="sid-AE9FD178-9F58-4BAD-9201-E43623899EC6" name="Create folder" activiti:async="true" activiti:delegateExpression="${activiti_storeEntityDelegate}">
      <extensionElements>
        <activiti:field name="publishAsType">
          <activiti:string><![CDATA[process_initiator]]></activiti:string>
        </activiti:field>
        <activiti:executionListener event="start" class="com.activiti.runtime.activiti.ContentProcessorExecutionListener">
          <activiti:field name="externalContentHandler">
            <activiti:expression><![CDATA[${externalContentHandler}]]></activiti:expression>
          </activiti:field>
        </activiti:executionListener>
        <modeler:entity-attribute-mapping modeler:mappedDataModel="25025" modeler:mappedEntity="Folder" modeler:newVariableName="someFolder">
          <modeler:attribute-element-mapping modeler:attribute-name="Name" modeler:form-field-id="name" modeler:form-field-name="Name" modeler:form-field-type="text"/>
          <modeler:attribute-element-mapping modeler:attribute-name="Title" modeler:form-field-id="title" modeler:form-field-name="Title" modeler:form-field-type="text"/>
          <modeler:attribute-element-mapping modeler:attribute-name="Description" modeler:form-field-id="description" modeler:form-field-name="Description" modeler:form-field-type="text"/>
          <modeler:attribute-element-mapping modeler:attribute-name="Parent" modeler:form-field-id="arepofolder" modeler:form-field-name="A Repo Folder" modeler:form-field-type="select-folder"/>
        </modeler:entity-attribute-mapping>
        <modeler:editor-resource-id><![CDATA[sid-AE9FD178-9F58-4BAD-9201-E43623899EC6]]></modeler:editor-resource-id>
        <modeler:ignore-listener-on-import><![CDATA[com.activiti.runtime.activiti.ContentProcessorExecutionListener]]></modeler:ignore-listener-on-import>
      </extensionElements>
    </serviceTask>
    <endEvent id="sid-9D61876C-26C9-4D88-9B29-436ABD19E92B">
      <extensionElements>
        <modeler:editor-resource-id><![CDATA[sid-9D61876C-26C9-4D88-9B29-436ABD19E92B]]></modeler:editor-resource-id>
      </extensionElements>
    </endEvent>
    <sequenceFlow id="sid-EFDE16FB-4A13-457C-9562-5587DF112F06" sourceRef="sid-AE9FD178-9F58-4BAD-9201-E43623899EC6" targetRef="sid-9D61876C-26C9-4D88-9B29-436ABD19E92B">
      <extensionElements>
        <activiti:executionListener event="take" class="com.activiti.extension.bean.LogPropsExecutionListener"/>
        <modeler:editor-resource-id><![CDATA[sid-EFDE16FB-4A13-457C-9562-5587DF112F06]]></modeler:editor-resource-id>
      </extensionElements>
    </sequenceFlow>
    <sequenceFlow id="sid-3A9E1CF5-5376-4AAD-BBB0-290778558EB2" sourceRef="startEvent1" targetRef="sid-AE9FD178-9F58-4BAD-9201-E43623899EC6">
      <extensionElements>
        <modeler:editor-resource-id><![CDATA[sid-3A9E1CF5-5376-4AAD-BBB0-290778558EB2]]></modeler:editor-resource-id>
      </extensionElements>
    </sequenceFlow>
  </process>
  <bpmndi:BPMNDiagram id="BPMNDiagram_StoreNodeEntity">
    <bpmndi:BPMNPlane bpmnElement="StoreNodeEntity" id="BPMNPlane_StoreNodeEntity">
      <bpmndi:BPMNShape bpmnElement="startEvent1" id="BPMNShape_startEvent1">
        <omgdc:Bounds height="30.0" width="30.0" x="45.0" y="520.0"/>
      </bpmndi:BPMNShape>
      <bpmndi:BPMNShape bpmnElement="sid-AE9FD178-9F58-4BAD-9201-E43623899EC6" id="BPMNShape_sid-AE9FD178-9F58-4BAD-9201-E43623899EC6">
        <omgdc:Bounds height="80.0" width="100.0" x="180.0" y="495.0"/>
      </bpmndi:BPMNShape>
      <bpmndi:BPMNShape bpmnElement="sid-9D61876C-26C9-4D88-9B29-436ABD19E92B" id="BPMNShape_sid-9D61876C-26C9-4D88-9B29-436ABD19E92B">
        <omgdc:Bounds height="28.0" width="28.0" x="370.0" y="521.0"/>
      </bpmndi:BPMNShape>
      <bpmndi:BPMNEdge bpmnElement="sid-EFDE16FB-4A13-457C-9562-5587DF112F06" id="BPMNEdge_sid-EFDE16FB-4A13-457C-9562-5587DF112F06">
        <omgdi:waypoint x="280.0" y="535.0"/>
        <omgdi:waypoint x="370.0" y="535.0"/>
      </bpmndi:BPMNEdge>
      <bpmndi:BPMNEdge bpmnElement="sid-3A9E1CF5-5376-4AAD-BBB0-290778558EB2" id="BPMNEdge_sid-3A9E1CF5-5376-4AAD-BBB0-290778558EB2">
        <omgdi:waypoint x="75.0" y="535.0"/>
        <omgdi:waypoint x="180.0" y="535.0"/>
      </bpmndi:BPMNEdge>
    </bpmndi:BPMNPlane>
  </bpmndi:BPMNDiagram>
</definitions>