{"resourceId":27027,"properties":{"process_id":"StoreNodeEntity","name":"Store Node Entity","documentation":"","process_author":"","process_version":"","process_namespace":"http://www.activiti.org/processdef","executionlisteners":"","eventlisteners":"","signaldefinitions":"","messagedefinitions":"","executionvariables":"","metadata":""},"stencil":{"id":"BPMNDiagram"},"childShapes":[{"resourceId":"startEvent1","properties":{"overrideid":"","name":"","documentation":"","executionlisteners":"","initiator":"","formkeydefinition":"","formreference":{"id":27028,"name":"Collect Folder data","referenceId":27027},"fieldstovariables":"","formproperties":""},"stencil":{"id":"StartNoneEvent"},"childShapes":[],"outgoing":[{"resourceId":"sid-3A9E1CF5-5376-4AAD-BBB0-290778558EB2"}],"bounds":{"lowerRight":{"x":75,"y":550},"upperLeft":{"x":45,"y":520}},"dockers":[]},{"resourceId":"sid-AE9FD178-9F58-4BAD-9201-E43623899EC6","properties":{"overrideid":"","name":"Create folder","documentation":"","alfrescoactiontask_publish_as_type":{"userField":null,"publishAsType":"process_initiator"},"entityattributemapping":{"mappedDataModel":25025,"mappedEntity":"Folder","attributeMappings":[{"attributeName":"Name","attributeType":"string","attributePrimaryKey":false,"attributeIdentity":false,"attributeRequired":true,"valueType":"field","formField":{"id":"name","name":"Name","type":"text"},"$$hashKey":"uiGrid-000F"},{"attributeName":"Title","attributeType":"string","attributePrimaryKey":false,"attributeIdentity":false,"attributeRequired":false,"valueType":"field","formField":{"id":"title","name":"Title","type":"text"},"$$hashKey":"uiGrid-000H"},{"attributeName":"Description","attributeType":"string","attributePrimaryKey":false,"attributeIdentity":false,"attributeRequired":false,"valueType":"field","formField":{"id":"description","name":"Description","type":"text"},"$$hashKey":"uiGrid-000J"},{"attributeName":"Parent","attributeType":"string","attributePrimaryKey":false,"attributeIdentity":false,"attributeRequired":true,"valueType":"field","formField":{"id":"arepofolder","name":"A Repo Folder","type":"select-folder"},"$$hashKey":"uiGrid-000L"}],"variableType":"new","newVariableName":"someFolder"}},"stencil":{"id":"StoreEntityTask"},"childShapes":[],"outgoing":[{"resourceId":"sid-EFDE16FB-4A13-457C-9562-5587DF112F06"}],"bounds":{"lowerRight":{"x":280,"y":575},"upperLeft":{"x":180,"y":495}},"dockers":[]},{"resourceId":"sid-9D61876C-26C9-4D88-9B29-436ABD19E92B","properties":{"overrideid":"","name":"","documentation":"","executionlisteners":""},"stencil":{"id":"EndNoneEvent"},"childShapes":[],"outgoing":[],"bounds":{"lowerRight":{"x":398,"y":549},"upperLeft":{"x":370,"y":521}},"dockers":[]},{"resourceId":"sid-EFDE16FB-4A13-457C-9562-5587DF112F06","properties":{"overrideid":"","name":"","documentation":"","conditionsequenceflow":"","executionlisteners":{"executionListeners":[{"event":"take","implementation":"com.activiti.extension.bean.LogPropsExecutionListener","className":"com.activiti.extension.bean.LogPropsExecutionListener","expression":"","delegateExpression":"","fields":[],"$$hashKey":"uiGrid-000D"}]},"defaultflow":"false"},"stencil":{"id":"SequenceFlow"},"childShapes":[],"outgoing":[{"resourceId":"sid-9D61876C-26C9-4D88-9B29-436ABD19E92B"}],"bounds":{"lowerRight":{"x":369.765625,"y":535},"upperLeft":{"x":280.328125,"y":535}},"dockers":[{"x":50,"y":40},{"x":14,"y":14}],"target":{"resourceId":"sid-9D61876C-26C9-4D88-9B29-436ABD19E92B"}},{"resourceId":"sid-3A9E1CF5-5376-4AAD-BBB0-290778558EB2","properties":{"overrideid":"","name":"","documentation":"","conditionsequenceflow":"","executionlisteners":"","defaultflow":"false"},"stencil":{"id":"SequenceFlow"},"childShapes":[],"outgoing":[{"resourceId":"sid-AE9FD178-9F58-4BAD-9201-E43623899EC6"}],"bounds":{"lowerRight":{"x":179.859375,"y":535},"upperLeft":{"x":75.609375,"y":535}},"dockers":[{"x":15,"y":15},{"x":50,"y":40}],"target":{"resourceId":"sid-AE9FD178-9F58-4BAD-9201-E43623899EC6"}}],"bounds":{"lowerRight":{"x":1200,"y":1050},"upperLeft":{"x":0,"y":0}},"stencilset":{"url":"stencilsets/bpmn2.0/bpmn2.0.json","namespace":"http://b3mn.org/stencilset/bpmn2.0#"},"ssextensions":[]}