{"name":"Activiti Entity - Alfresco Node - App","description":"","definition":{"models":[{"id":29029,"name":"Read Node Entity","version":7,"modelType":0,"description":null,"stencilSetId":0,"createdByFullName":" Administrator","createdBy":1,"lastUpdatedByFullName":" Administrator","lastUpdatedBy":1,"lastUpdated":"2017-01-25T10:53:11.182+0000"},{"id":27027,"name":"Store Node Entity","version":17,"modelType":0,"description":"","stencilSetId":0,"createdByFullName":" Administrator","createdBy":1,"lastUpdatedByFullName":" Administrator","lastUpdatedBy":1,"lastUpdated":"2017-01-25T10:53:11.226+0000"}],"theme":"theme-1","icon":"glyphicon-asterisk","publishIdentityInfo":[]}}